1,1,Start,09:21:00
2,1,Success,09:21:42
3,2,Start,09:42:42
4,2,Failure,09:43:42
5,3,Start,09:52:42
6,3,Success,09:43:42
7,11,Start,12:34:56
8,11,Success,12:35:56
9,12,Start,12:34:56
10,12,Success,12:35:56
11,13,Start,12:34:56
12,13,Failure,12:35:56
13,14,Start,12:34:56
14,14,Failure,12:35:56
15,15,Start,12:34:56
16,15,Success,12:35:56
17,16,Start,12:34:56
18,16,Failure,12:35:56
19,17,Start,12:34:56
20,17,Success,12:35:56
21,18,Start,12:34:56
22,18,Success,12:35:56
23,19,Start,17:19:01
24,19,Failure,17:20:01
25,20,Start,17:21:01
26,20,Failure,17:22:01
27,21,Start,17:23:01
28,21,Success,17:24:01
29,22,Start,17:25:01
30,22,Failure,17:26:01
31,23,Start,17:27:01
32,23,Success,17:28:01
33,24,Start,17:29:01
34,24,Success,17:30:01
35,25,Start,17:31:01
36,25,Success,17:31:01
